file_name,cutoff_percentage,total_inferred
lab_1640_dep.csv,0.24407062886805397,1640
lab_1344_dep.csv,0.31446785584110887,1344
lab_1004_dep.csv,0.38486508281416376,1004
lab_656_dep.csv,0.45526230978721866,656
lab_346_dep.csv,0.5256595367602735,346
lab_130_dep.csv,0.5960567637333285,130
lab_26_dep.csv,0.6664539907063833,26
