file_name,cutoff_percentage,total_inferred
lab_1249_dep.csv,0.24837029190127027,1249
lab_904_dep.csv,0.3569159679004653,904
lab_512_dep.csv,0.4654616438996604,512
lab_168_dep.csv,0.5740073198988555,168
lab_21_dep.csv,0.6825529958980505,21
