file_name,cutoff_percentage,total_inferred
lab_1123_dep.csv,0.19450684507626398,1123
lab_788_dep.csv,0.3233056055346436,788
lab_456_dep.csv,0.4521043659930232,456
lab_188_dep.csv,0.5809031264514029,188
lab_13_dep.csv,0.7097018869097824,13
