file_name,cutoff_percentage,total_inferred
lab_1482_dep.csv,0.19547699407299882,1482
lab_1226_dep.csv,0.27857520257586754,1226
lab_901_dep.csv,0.36167341107873624,901
lab_592_dep.csv,0.44477161958160494,592
lab_344_dep.csv,0.5278698280844737,344
lab_138_dep.csv,0.6109680365873424,138
lab_21_dep.csv,0.6940662450902111,21
